{
  "baseline": {
    "trades": 42,
    "wins": 21,
    "losses": 21,
    "win_rate": 0.5,
    "net_pnl": -0.024295999999999998,
    "expectancy": -0.0005784761904761905,
    "profit_factor": 0.9313887453369141,
    "max_consecutive_losses": 5
  },
  "results": [
    {
      "name": "block_PRE_RUNUP_30M",
      "retained": {
        "trades": 29,
        "wins": 17,
        "losses": 12,
        "win_rate": 0.5862068965517241,
        "net_pnl": 0.139938,
        "expectancy": 0.004825448275862069,
        "profit_factor": 1.9673111352277992,
        "max_consecutive_losses": 3
      },
      "blocked": {
        "trades": 13,
        "wins": 4,
        "losses": 9,
        "win_rate": 0.3076923076923077,
        "net_pnl": -0.164234,
        "expectancy": -0.012633384615384614,
        "profit_factor": 0.21585722197818988,
        "max_consecutive_losses": 6
      },
      "missed_winners": 4,
      "blocked_losers": 9,
      "missed_winner_pnl": 0.04521,
      "blocked_loser_loss": 0.209444
    },
    {
      "name": "block_ENTRY_UP_CONTEXT",
      "retained": {
        "trades": 34,
        "wins": 18,
        "losses": 16,
        "win_rate": 0.5294117647058824,
        "net_pnl": 0.012954,
        "expectancy": 0.000381,
        "profit_factor": 1.048634706573607,
        "max_consecutive_losses": 4
      },
      "blocked": {
        "trades": 8,
        "wins": 3,
        "losses": 5,
        "win_rate": 0.375,
        "net_pnl": -0.03725,
        "expectancy": -0.00465625,
        "profit_factor": 0.5755372729551721,
        "max_consecutive_losses": 3
      },
      "missed_winners": 3,
      "blocked_losers": 5,
      "missed_winner_pnl": 0.050508,
      "blocked_loser_loss": 0.087758
    },
    {
      "name": "block_DEAD_RANGE_CANDLE",
      "retained": {
        "trades": 32,
        "wins": 18,
        "losses": 14,
        "win_rate": 0.5625,
        "net_pnl": 0.021828,
        "expectancy": 0.000682125,
        "profit_factor": 1.0777790843105606,
        "max_consecutive_losses": 3
      },
      "blocked": {
        "trades": 10,
        "wins": 3,
        "losses": 7,
        "win_rate": 0.3,
        "net_pnl": -0.046124,
        "expectancy": -0.0046124,
        "profit_factor": 0.3722063427249217,
        "max_consecutive_losses": 5
      },
      "missed_winners": 3,
      "blocked_losers": 7,
      "missed_winner_pnl": 0.027346,
      "blocked_loser_loss": 0.07347000000000001
    },
    {
      "name": "mark_FAST_ADVERSE_MOVE_block",
      "retained": {
        "trades": 28,
        "wins": 17,
        "losses": 11,
        "win_rate": 0.6071428571428571,
        "net_pnl": 0.151854,
        "expectancy": 0.005423357142857142,
        "profit_factor": 2.286200704702534,
        "max_consecutive_losses": 4
      },
      "blocked": {
        "trades": 14,
        "wins": 4,
        "losses": 10,
        "win_rate": 0.2857142857142857,
        "net_pnl": -0.17615,
        "expectancy": -0.012582142857142858,
        "profit_factor": 0.25375031243777724,
        "max_consecutive_losses": 4
      },
      "missed_winners": 4,
      "blocked_losers": 10,
      "missed_winner_pnl": 0.059897,
      "blocked_loser_loss": 0.236047
    },
    {
      "name": "block_VOLUME_CONTRACTION",
      "retained": {
        "trades": 35,
        "wins": 19,
        "losses": 16,
        "win_rate": 0.5428571428571428,
        "net_pnl": 0.014072000000000001,
        "expectancy": 0.0004020571428571429,
        "profit_factor": 1.0475744534110465,
        "max_consecutive_losses": 3
      },
      "blocked": {
        "trades": 7,
        "wins": 2,
        "losses": 5,
        "win_rate": 0.2857142857142857,
        "net_pnl": -0.038368,
        "expectancy": -0.005481142857142857,
        "profit_factor": 0.3421350433798567,
        "max_consecutive_losses": 4
      },
      "missed_winners": 2,
      "blocked_losers": 5,
      "missed_winner_pnl": 0.019954,
      "blocked_loser_loss": 0.058322
    },
    {
      "name": "block_PRE_RUNUP_OR_ENTRY_UP",
      "retained": {
        "trades": 24,
        "wins": 14,
        "losses": 10,
        "win_rate": 0.5833333333333334,
        "net_pnl": 0.120692,
        "expectancy": 0.005028833333333333,
        "profit_factor": 2.064256426083506,
        "max_consecutive_losses": 4
      },
      "blocked": {
        "trades": 18,
        "wins": 7,
        "losses": 11,
        "win_rate": 0.3888888888888889,
        "net_pnl": -0.144988,
        "expectancy": -0.00805488888888889,
        "profit_factor": 0.397655230862546,
        "max_consecutive_losses": 4
      },
      "missed_winners": 7,
      "blocked_losers": 11,
      "missed_winner_pnl": 0.095718,
      "blocked_loser_loss": 0.240706
    },
    {
      "name": "block_PRE_RUNUP_OR_DEAD_RANGE",
      "retained": {
        "trades": 20,
        "wins": 14,
        "losses": 6,
        "win_rate": 0.7,
        "net_pnl": 0.17413800000000001,
        "expectancy": 0.0087069,
        "profit_factor": 3.094994044826217,
        "max_consecutive_losses": 2
      },
      "blocked": {
        "trades": 22,
        "wins": 7,
        "losses": 15,
        "win_rate": 0.3181818181818182,
        "net_pnl": -0.198434,
        "expectancy": -0.009019727272727273,
        "profit_factor": 0.2677441972028488,
        "max_consecutive_losses": 10
      },
      "missed_winners": 7,
      "blocked_losers": 15,
      "missed_winner_pnl": 0.072556,
      "blocked_loser_loss": 0.27099
    },
    {
      "name": "block_ENTRY_UP_OR_DEAD_RANGE",
      "retained": {
        "trades": 25,
        "wins": 16,
        "losses": 9,
        "win_rate": 0.64,
        "net_pnl": 0.068208,
        "expectancy": 0.0027283200000000002,
        "profit_factor": 1.3536236993410513,
        "max_consecutive_losses": 1
      },
      "blocked": {
        "trades": 17,
        "wins": 5,
        "losses": 12,
        "win_rate": 0.29411764705882354,
        "net_pnl": -0.092504,
        "expectancy": -0.005441411764705882,
        "profit_factor": 0.42625350435408244,
        "max_consecutive_losses": 5
      },
      "missed_winners": 5,
      "blocked_losers": 12,
      "missed_winner_pnl": 0.06872400000000001,
      "blocked_loser_loss": 0.161228
    },
    {
      "name": "block_CORE_RISK_SET",
      "retained": {
        "trades": 16,
        "wins": 12,
        "losses": 4,
        "win_rate": 0.75,
        "net_pnl": 0.164022,
        "expectancy": 0.010251375,
        "profit_factor": 4.162845407740218,
        "max_consecutive_losses": 1
      },
      "blocked": {
        "trades": 26,
        "wins": 9,
        "losses": 17,
        "win_rate": 0.34615384615384615,
        "net_pnl": -0.18831799999999999,
        "expectancy": -0.0072429999999999994,
        "profit_factor": 0.3769503593028333,
        "max_consecutive_losses": 5
      },
      "missed_winners": 9,
      "blocked_losers": 17,
      "missed_winner_pnl": 0.113934,
      "blocked_loser_loss": 0.302252
    },
    {
      "name": "block_CORE_RISK_PLUS_VOLUME_CONTRACTION",
      "retained": {
        "trades": 15,
        "wins": 12,
        "losses": 3,
        "win_rate": 0.8,
        "net_pnl": 0.174956,
        "expectancy": 0.011663733333333334,
        "profit_factor": 5.275039706780696,
        "max_consecutive_losses": 1
      },
      "blocked": {
        "trades": 27,
        "wins": 9,
        "losses": 18,
        "win_rate": 0.3333333333333333,
        "net_pnl": -0.19925199999999998,
        "expectancy": -0.007379703703703703,
        "profit_factor": 0.3637902077359779,
        "max_consecutive_losses": 5
      },
      "missed_winners": 9,
      "blocked_losers": 18,
      "missed_winner_pnl": 0.113934,
      "blocked_loser_loss": 0.313186
    },
    {
      "name": "block_PRE_RUNUP_AND_ENTRY_UP_ONLY",
      "retained": {
        "trades": 39,
        "wins": 21,
        "losses": 18,
        "win_rate": 0.5384615384615384,
        "net_pnl": 0.032200000000000006,